horizon,mse,rmse,mae,mape,mdape,smape,coverage
0 days 00:01:00,5.664046773371694e-05,0.007525986163534779,0.005771630089634439,0.006475428530540561,0.005499681236259871,0.006484881991911162,1.0
0 days 00:02:00,5.721041566962917e-05,0.007563756716713539,0.0057708366259029975,0.006481067800177098,0.005043486431245204,0.006492895333721993,1.0
0 days 00:03:00,6.15742808492744e-05,0.007846928115464955,0.006067718916917597,0.006816158871482236,0.005667541708098924,0.006828756785621504,1.0
0 days 00:04:00,5.80975884117603e-05,0.007622177406211449,0.005613322672994636,0.006305227755905918,0.005450505279209547,0.006318902364646051,1.0
0 days 00:05:00,5.939874389979593e-05,0.00770705805737805,0.005797952702475739,0.006514082678281519,0.0053299177277027696,0.0065248201751232915,1.0
0 days 00:06:00,6.0546133116089196e-05,0.007781139576957169,0.005927718547582006,0.0066540740742406235,0.005097151023156057,0.006664812869014214,1.0
0 days 00:07:00,5.927865791835419e-05,0.007699263465965702,0.0058543258720857305,0.006578284425546033,0.005402679338171991,0.006589536084675163,1.0
0 days 00:08:00,6.452317739649759e-05,0.008032632034177688,0.00599606406092007,0.0067409769066030245,0.0053744977995995,0.006753907852314167,1.0
0 days 00:09:00,7.042295292197147e-05,0.008391838470917531,0.006168845477407148,0.006937313303660042,0.005994269414055301,0.006952880049529153,1.0
0 days 00:10:00,7.138877623815093e-05,0.008449187904062197,0.006097565506651748,0.0068573676403282935,0.004344953711940063,0.006872682267250019,1.0
0 days 00:11:00,7.470499245776276e-05,0.008643204987605162,0.006441527367520794,0.007238137785008314,0.005316828614477756,0.007251758988307766,1.0
0 days 00:12:00,8.026042238457216e-05,0.008958818135478148,0.006747937022718087,0.007592945463569423,0.005705633088639076,0.007603715048320525,1.0
0 days 00:13:00,7.396832249226357e-05,0.008600483852218059,0.006470836225390797,0.007276500663336183,0.006166681111105366,0.007285296673634423,1.0
0 days 00:14:00,7.838494980773845e-05,0.008853527534702676,0.006488322449297368,0.0072940408897201325,0.005956112567158402,0.007305756536911789,1.0
0 days 00:15:00,7.726669908357173e-05,0.00879014784196328,0.006403697963150989,0.007196550055718287,0.0055771926626134154,0.007209045571076378,1.0
0 days 00:16:00,8.333222214442198e-05,0.009128648429226638,0.0067937567710136815,0.007632103014695135,0.006356083426270228,0.007647145958374346,1.0
0 days 00:17:00,8.415400672525612e-05,0.009173549298131892,0.0068375798408583655,0.007682766859127443,0.006220399617070921,0.0076948889640559015,1.0
0 days 00:18:00,8.5527968830869e-05,0.00924813326195449,0.006730706442379553,0.0075701754582387926,0.006271904564136081,0.007581332645384853,1.0
0 days 00:19:00,8.620777432160557e-05,0.009284814178087011,0.0068556751441216646,0.007712377539193904,0.006811571360778577,0.007723146688240479,1.0
0 days 00:20:00,8.960126106825027e-05,0.00946579426504983,0.007065812357870183,0.007947543372448795,0.007002174079971479,0.007958101728078815,1.0
0 days 00:21:00,9.447086493706482e-05,0.00971961238615331,0.007304287544808552,0.008201245504957488,0.00635753516043963,0.008215303249226369,1.0
0 days 00:22:00,9.211015015682302e-05,0.00959740330281181,0.00729061387978186,0.008194981867542195,0.006098430155723337,0.008211189827661558,1.0
0 days 00:23:00,0.00010204602816178687,0.010101783414911789,0.007196489263738781,0.008080239976118175,0.005495785056466824,0.008098322879191433,0.9818181818181841
0 days 00:24:00,0.00010681303380467334,0.010335039129324734,0.007424004404475659,0.008335105515838548,0.006540279704415424,0.008352617576792065,0.9818181818181841
0 days 00:25:00,0.00012157002782463462,0.011025879911582324,0.00780100944916412,0.008722374363434926,0.006493425622055773,0.008752234952374538,0.9636363636363612
0 days 00:26:00,0.00012638309106942445,0.011242023441953164,0.007681391955076944,0.008580550878168947,0.006130430673040621,0.0086133421390997,0.9636363636363612
0 days 00:27:00,0.0001261681051590623,0.011232457663354992,0.007679440171182661,0.008580964664275936,0.005849258091101303,0.00861296989575433,0.9636363636363612
0 days 00:28:00,0.00012278371302205156,0.011080781246015624,0.007593908503764457,0.00847724564480018,0.005848409759421801,0.008510468407609106,0.9636363636363612
0 days 00:29:00,0.00013424969113745317,0.011586616897846116,0.007767723787860115,0.00867382110874687,0.006342491239149431,0.008708282103755793,0.9636363636363612
0 days 00:30:00,0.00013610663519122903,0.011666474839951828,0.008066917563154252,0.009005995015537449,0.006948268241204133,0.009041819723784261,0.9454545454545453
0 days 00:31:00,0.00014626353997873598,0.012093946418714446,0.008295876226752819,0.009269219814486584,0.006578054716515103,0.00930585041341514,0.9454545454545453
0 days 00:32:00,0.00014377892442348633,0.011990784979453445,0.008502968219115614,0.009494945892103757,0.00711649850915697,0.009532063737430319,0.9454545454545453
0 days 00:33:00,0.00014325174101379682,0.011968781935259612,0.008458823446202801,0.009459431155034115,0.006594484295195057,0.009495163912798255,0.9454545454545453
0 days 00:34:00,0.00015213959564542266,0.012334488057695084,0.008972891541386308,0.010020931086307971,0.0077300892951936975,0.010056574091146353,0.9454545454545453
0 days 00:35:00,0.00015828494039328567,0.012581134304715361,0.008983532245374848,0.010026558054597401,0.006023963971645302,0.010065536281411935,0.9454545454545453
0 days 00:36:00,0.0001673025182278385,0.012934547469000935,0.009396335040649517,0.010490951178628527,0.0078023842360374455,0.010527012037232053,0.9454545454545453
0 days 00:37:00,0.00016299698129697282,0.012767027112721771,0.009466712269351696,0.010559555912325602,0.007970469589026195,0.010600336403517763,0.9454545454545453
0 days 00:38:00,0.00016973288413999442,0.013028157357815203,0.009641455295545165,0.010773711243659112,0.009259443681371434,0.010811167749778083,0.9454545454545453
0 days 00:39:00,0.0001665223859236252,0.01290435530833002,0.009499129800841777,0.010610564990400917,0.008891350303987813,0.010652985469898346,0.9454545454545453
0 days 00:40:00,0.00017245261088219555,0.013132121339760593,0.009520919607299505,0.010634997927145173,0.008087557501146479,0.010675506486439001,0.9454545454545453
0 days 00:41:00,0.000170435896526858,0.01305510997758571,0.009365362122793708,0.010480189239513438,0.0075632520268839355,0.010523078787737061,0.9454545454545453
0 days 00:42:00,0.0001688235274927008,0.012993210823068362,0.009307495044650893,0.010418850717885841,0.00855307037528324,0.010463852892482195,0.9454545454545453
0 days 00:43:00,0.00016451051207462541,0.012826165135169024,0.009381093920731831,0.010499510725771377,0.00929916241008647,0.010540617047064105,0.9454545454545453
0 days 00:44:00,0.00017952926341292634,0.013398853063338158,0.00977999315600675,0.010960256862895479,0.008894038263960357,0.011001303975885168,0.9454545454545453
0 days 00:45:00,0.00017725676442016149,0.013313780996402243,0.009637823679084279,0.010789200679180766,0.008394175215401246,0.010828504011937135,0.9454545454545453
0 days 00:46:00,0.0002422365028297655,0.015563948818656708,0.010570137222190357,0.011768389362336373,0.008254671232932475,0.01184145569493733,0.9272727272727295
0 days 00:47:00,0.0001786432833898871,0.013365750386337727,0.009705925613305855,0.010867435039492834,0.008478199114965937,0.010907734238037592,0.9454545454545453
0 days 00:48:00,0.00019313108348409033,0.01389716098647815,0.010091417014769344,0.011293922882285257,0.008640735401519578,0.011339835675670096,0.9454545454545453
0 days 00:49:00,0.00020545343009595492,0.014333646782865654,0.010229802376445662,0.011445715213308727,0.008609950853164348,0.011499997899808156,0.9272727272727295
0 days 00:50:00,0.00020489785383127034,0.014314253519875577,0.01037582144659921,0.01162189481881426,0.009227905468582362,0.01166718442898973,0.9454545454545453
0 days 00:51:00,0.00020448513202183521,0.01429982978996027,0.010132795817515916,0.011351201721524817,0.008676187394686116,0.011398379522240543,0.9272727272727295
0 days 00:52:00,0.0002106839215774356,0.014514955100772293,0.010463481110426387,0.011715186369550712,0.00846205050785393,0.011762393362362955,0.9454545454545453
0 days 00:53:00,0.00021250369254494778,0.014577506389809876,0.01038487257284626,0.011627159517397012,0.00921137368625571,0.011669740490593217,0.9454545454545453
0 days 00:54:00,0.00021918300179355615,0.014804830353420338,0.010576319762886421,0.011857274130151363,0.010073976842855777,0.011898664837421524,0.9454545454545453
0 days 00:55:00,0.00023354619454223763,0.015282218246780721,0.01101083073696163,0.012329254216771002,0.009692509454499542,0.012386435892693837,0.9454545454545453
0 days 00:56:00,0.0002308276440673735,0.015193013001619314,0.010907933809467418,0.012223091776159212,0.010552458096539628,0.012275660754205386,0.9454545454545453
0 days 00:57:00,0.00022921098991567773,0.015139715648441939,0.011139778600061323,0.01248148713452557,0.008394853172779302,0.012527274867997096,0.9454545454545453
0 days 00:58:00,0.00022797684244317377,0.015098902027736115,0.010990417125374519,0.012316032720460668,0.00851398960288219,0.012370902249589144,0.9454545454545453
0 days 00:59:00,0.00023982339969444433,0.015486232585572397,0.011374028991200102,0.012745916267450585,0.009849445875146424,0.012799132179450612,0.9454545454545453
0 days 01:00:00,0.00024189873025787755,0.015553093912719666,0.011278389792296672,0.012636020355437316,0.009144108512400646,0.012688740439654733,0.9454545454545453
0 days 01:01:00,0.0002442308962038245,0.015627888411548902,0.011370487085726078,0.012737127305523344,0.010708304266231582,0.01279044383677408,0.9454545454545453
0 days 01:02:00,0.00023993457816563757,0.01548982176029271,0.011201735025875736,0.01255252310465782,0.009904190653521036,0.01260027730618285,0.9454545454545453
0 days 01:03:00,0.00023976752654101402,0.01548442851838627,0.011025384265394678,0.012362426029489892,0.009285598503421385,0.01241267412215974,0.9454545454545453
0 days 01:04:00,0.000262082669692458,0.016188967530156393,0.011609185920113507,0.012994728922681276,0.010182741492589454,0.013053797718542093,0.9454545454545453
0 days 01:05:00,0.0002611603729422655,0.016160457077145605,0.011628056635339612,0.013027362807526699,0.010273918852086703,0.013078553222380163,0.9272727272727295
0 days 01:06:00,0.0002570242653066081,0.01603197633813773,0.011621087630833138,0.013017598609900927,0.00923748662905565,0.01307065129505769,0.9454545454545453
0 days 01:07:00,0.0002652047857604166,0.016285109326019787,0.01146419065540727,0.012844630951756253,0.008750914298863339,0.01289792017809488,0.9454545454545453
0 days 01:08:00,0.0002723221804330402,0.016502187140892573,0.011823273342316587,0.013242389256367448,0.010832686860848834,0.013294470850966023,0.9454545454545453
0 days 01:09:00,0.0002681475553239169,0.016375211611576717,0.011508105811705027,0.01288850561739252,0.01030858735374919,0.012949073581450254,0.9454545454545453
0 days 01:10:00,0.000284677036791468,0.016872374960018758,0.012174178250480616,0.013642112595069644,0.010655855739719774,0.013696109672946544,0.9272727272727295
0 days 01:11:00,0.00029348800950504406,0.01713149174780305,0.012303483847257102,0.01377605969555995,0.011009006182571807,0.013840055553356323,0.9272727272727295
0 days 01:12:00,0.0002902066035125016,0.017035451373899713,0.012281906609117876,0.013744868735206528,0.008731249300345746,0.013805146027222603,0.9272727272727295
0 days 01:13:00,0.0002935425802181278,0.017133084375503666,0.012234933567310202,0.013711184621826522,0.011794641765794521,0.013768953669739625,0.9272727272727295
0 days 01:14:00,0.0002864174710077664,0.01692387281350715,0.01234057397672228,0.01382954217885557,0.010930444356506117,0.01388753851673774,0.9090909090909065
0 days 01:15:00,0.00029399457215839933,0.01714626991967639,0.012580848978326897,0.014102288556997578,0.011009651226421837,0.014155538528401235,0.9272727272727295
0 days 01:16:00,0.00030790758513516217,0.01754729566443679,0.013070070783386512,0.014646077127511536,0.011664135086069463,0.014706056281393876,0.9454545454545453
0 days 01:17:00,0.0003312322841837641,0.01819978802579206,0.013315857261817832,0.014894274208331226,0.010233832279330975,0.014964004048888424,0.8909090909090907
0 days 01:18:00,0.0003409097158500983,0.018463740570374636,0.0134682547355498,0.015062851869867666,0.012654273883450537,0.015130854478579758,0.8909090909090907
0 days 01:19:00,0.0003419528153182673,0.01849196623721413,0.01341545845301495,0.015009401398425437,0.012149729175943312,0.015077056431364366,0.9090909090909065
0 days 01:20:00,0.0003530768264156381,0.01879033864558162,0.0135876625344441,0.015191280302421117,0.012372652457325656,0.01525897167674961,0.8727272727272748
0 days 01:21:00,0.0003550787996531822,0.018843534691060013,0.013579414657001854,0.01519436823730691,0.012253292354634876,0.015272614121902617,0.9090909090909065
0 days 01:22:00,0.0003560590153837452,0.01886952610384652,0.013549987012167808,0.015151784924865686,0.012359586428263956,0.015236765232679583,0.8727272727272748
0 days 01:23:00,0.0003615108840944077,0.01901343956506575,0.013638574772684708,0.015263183976579775,0.01352120530890503,0.015346881318474614,0.8909090909090907
0 days 01:24:00,0.0003607049745187156,0.018992234584658953,0.013614018722897026,0.015236611033151215,0.013135185448647961,0.015324408638599296,0.8909090909090907
0 days 01:25:00,0.00035629594378483453,0.01887580312953159,0.013726788813754776,0.015374504722394766,0.013500486118094903,0.015455211126478852,0.9272727272727295
0 days 01:26:00,0.00036403948661565405,0.019079818830786997,0.013681796612336261,0.015307578484134887,0.012869499911615128,0.015395449136818673,0.8727272727272748
0 days 01:27:00,0.0003497714997599509,0.01870217901101235,0.013240539678485708,0.014834016723311971,0.011364607222989024,0.014909331027963213,0.8909090909090907
0 days 01:28:00,0.0003627659863080432,0.01904641662644297,0.01371337323830224,0.015346872722317051,0.01228576462439407,0.015432768775759498,0.8909090909090907
0 days 01:29:00,0.0003937808969289268,0.01984391334714317,0.014181958224405267,0.01586303548855106,0.012761744764753306,0.01595882802967752,0.8909090909090907
0 days 01:30:00,0.00040686114406432786,0.02017079929165743,0.014564979516554777,0.016290559605533605,0.013382367477855001,0.016385432404045996,0.8909090909090907
0 days 01:31:00,0.00040467847872760823,0.02011662195120265,0.014338379934433654,0.016046328475278426,0.012064638783353352,0.01613515128816878,0.8727272727272748
0 days 01:32:00,0.0004183773377275553,0.02045427431437144,0.014823934378016212,0.01657756183889192,0.013774682318360949,0.016667369127033482,0.8727272727272748
0 days 01:33:00,0.0004028675254847784,0.020071560115864896,0.014691021105624369,0.016443563470253997,0.011516558819473006,0.01653286840099699,0.8909090909090907
0 days 01:34:00,0.00041005244296989443,0.02024975167674642,0.014839264892526738,0.016607579704810083,0.012130927068387774,0.016694194098417214,0.8727272727272748
0 days 01:35:00,0.0004066824755370249,0.020166369914712587,0.014500091540331606,0.016210434746475655,0.010775748604253142,0.01630376147136514,0.8909090909090907
0 days 01:36:00,0.0004110215482082853,0.020273666373112814,0.014729418929047111,0.016469790018957986,0.01188005844249903,0.016559602542447593,0.8909090909090907
0 days 01:37:00,0.00042106749590974796,0.02051992923744495,0.015029800979743269,0.016807625116412983,0.01250925660941984,0.01690225907061249,0.836363636363636
0 days 01:38:00,0.00043154879362122117,0.020773752516606653,0.015037840208430797,0.016823345520642907,0.012673375787855145,0.016921581674456565,0.8545454545454518
0 days 01:39:00,0.0004257654987571899,0.020634085847383448,0.01498843399704819,0.016777150010491626,0.011766356106617512,0.01687095724173926,0.8909090909090907
0 days 01:40:00,0.0004339765162164645,0.020832103019533685,0.01494586031601719,0.016719993397278032,0.014031957818045901,0.016824537837451414,0.8909090909090907
0 days 01:41:00,0.0004361631586722696,0.020884519594002386,0.015233776333197113,0.01703470430734544,0.012934344298550378,0.01713829191847782,0.836363636363636
0 days 01:42:00,0.0004314529082304619,0.020771444538848566,0.015230401556179163,0.017053442817611564,0.013590962348729446,0.017147824007684553,0.8727272727272748
0 days 01:43:00,0.0004329360657804142,0.02080711574871477,0.014946808733392047,0.01675475487246625,0.013192340069021818,0.016849517103415645,0.8727272727272748
0 days 01:44:00,0.0004565291970008538,0.021366543871221985,0.015478630973962404,0.017347457561917468,0.013804189865113288,0.017446341303332003,0.836363636363636
0 days 01:45:00,0.000459037073919491,0.021425150499342845,0.01513341288333081,0.01697092394734767,0.013010731463861783,0.0170643923468774,0.836363636363636
0 days 01:46:00,0.0004524179501770968,0.021270118715632426,0.014979947888442813,0.01681146900633157,0.01334503929630342,0.016898532470114525,0.836363636363636
0 days 01:47:00,0.000448929142102622,0.021187948038982492,0.015116593840805437,0.01697358185709741,0.012968968248959148,0.017057239480889885,0.8727272727272748
0 days 01:48:00,0.00044344382228838145,0.021058105857089365,0.015085129107611728,0.016943033746511516,0.012759861666262263,0.017022654522597436,0.8727272727272748
0 days 01:49:00,0.0004444591189090921,0.0210821991004044,0.015151733295219905,0.01698607500399041,0.013534990070929306,0.01708148034946977,0.8727272727272748
0 days 01:50:00,0.00047224348025180427,0.021731163803436856,0.015540348465624798,0.01743316322357502,0.013467892485009894,0.017528882366405707,0.8909090909090907
0 days 01:51:00,0.00047575750642310163,0.021811866183871147,0.015425325622801855,0.017311169950310568,0.012037878921000188,0.01739703473243326,0.8545454545454518
0 days 01:52:00,0.0004717770167257801,0.02172042855759941,0.01554763871116227,0.017456450484283903,0.013102432739118326,0.01753848572873906,0.8727272727272748
0 days 01:53:00,0.0004745839959698836,0.021784948840194315,0.015724712900277882,0.017649131591068623,0.014142450013130328,0.01773598033547208,0.8727272727272748
0 days 01:54:00,0.0004921911510620824,0.022185381472088383,0.01581297670499693,0.017748066304935972,0.015204660345818409,0.017839561599255593,0.8909090909090907
0 days 01:55:00,0.00048578661261710135,0.022040567429562726,0.015971840586956998,0.01792349782099456,0.01439497597531057,0.01801649030360264,0.8727272727272748
0 days 01:56:00,0.0004919484914655582,0.02217991189039213,0.016092709836885155,0.018051543428449945,0.014175202435562426,0.018144329267941073,0.8545454545454518
0 days 01:57:00,0.0004769865462969057,0.021840021664295703,0.015895413159093374,0.017832137522640346,0.015225240422929028,0.017927241458245646,0.8909090909090907
0 days 01:58:00,0.0005029659028368202,0.02242690132044149,0.016401804818243826,0.018394984272639414,0.015158895321480566,0.01850055526992256,0.9090909090909065
0 days 01:59:00,0.0005232701378768898,0.022875098641905126,0.01686591223153444,0.018905425503461526,0.015569680343471212,0.01901084554886645,0.8545454545454518
0 days 02:00:00,0.0005740212803192896,0.02395874120898862,0.017110592520899193,0.019281841056818516,0.013613413993736707,0.01933348515076605,0.8727272727272748
0 days 02:01:00,0.0005703759450670122,0.023882544777870975,0.017134771504328516,0.019315513110923277,0.015849251029444705,0.019357774149793894,0.8545454545454518
0 days 02:02:00,0.0005670691680463892,0.023813214147745558,0.016883692411704065,0.01903719000397963,0.015284831772439594,0.01907903498599084,0.8727272727272748
0 days 02:03:00,0.0005820758072616686,0.024126247268517923,0.01678815032877501,0.01894289211237621,0.01295400268297667,0.01897619542103901,0.8545454545454518
0 days 02:04:00,0.000599906960111786,0.0244929981854363,0.017142342481828665,0.019326331945705766,0.015283377726164496,0.01937763799341785,0.836363636363636
0 days 02:05:00,0.0005944939418820808,0.02438224644863719,0.017636734622502703,0.01987605063897968,0.0159610619704906,0.019922059486827903,0.8545454545454518
0 days 02:06:00,0.0005818561966877897,0.024121695559968202,0.01726369123835303,0.01946382476059627,0.015042747467448733,0.019516410829240716,0.836363636363636
0 days 02:07:00,0.000595308185322746,0.02439893820072394,0.017259428875712524,0.019452507343656,0.015620507111424271,0.019509186855569016,0.8545454545454518
0 days 02:08:00,0.0005906671082066689,0.024303643928569003,0.01691369510470231,0.01906590584840684,0.013696172944104527,0.019124256625430158,0.8545454545454518
0 days 02:09:00,0.0005815851407191402,0.024116076395615027,0.016828430563538443,0.01893794200788279,0.01451302633234986,0.0190106456882142,0.8545454545454518
0 days 02:10:00,0.0005977994252559723,0.02444993712171817,0.016787886437940047,0.01890547294164313,0.014191954264107505,0.0189752007527213,0.836363636363636
0 days 02:11:00,0.0006182240790663929,0.024864112271834538,0.01714008699476055,0.019290666046571703,0.014373847718835963,0.01937847096427392,0.836363636363636
0 days 02:12:00,0.0005974687130494358,0.02444317313790163,0.017023651516222205,0.019175218911651415,0.01436841475299113,0.01924693232096142,0.836363636363636
0 days 02:13:00,0.0005967888396372287,0.024429261954410916,0.016972702413878937,0.019112535979149303,0.014412002179807207,0.019186567137615018,0.8545454545454518
0 days 02:14:00,0.0006104703151116539,0.02470769748705156,0.017168827734947212,0.019318415773070363,0.016090859529945385,0.01940372228486198,0.836363636363636
0 days 02:15:00,0.0006168560224416378,0.024836586368533777,0.01714649704354365,0.019306149569629838,0.01389777206262924,0.019389607173499357,0.8545454545454518
0 days 02:16:00,0.0006238635951272067,0.02497726156181271,0.017636242370825728,0.019861786289489425,0.015568847199780581,0.019940406592130033,0.8545454545454518
0 days 02:17:00,0.0006310940769449144,0.02512158587639153,0.01771071464907925,0.019930109068101887,0.014189020471514338,0.020014119626108773,0.836363636363636
0 days 02:18:00,0.0006381732643369678,0.025262091448195016,0.01775184131767893,0.019963468007894614,0.014223386021328941,0.020054870182153017,0.836363636363636
0 days 02:19:00,0.0006439559670930114,0.025376287496263347,0.017768659069107184,0.019981606285619735,0.01317252537087588,0.020074802531484526,0.836363636363636
0 days 02:20:00,0.02852900586822038,0.16890531628169783,0.03952615119841019,0.045849303121981766,0.014300801152226442,0.03465518506500187,0.8392857142857153
0 days 02:21:00,0.028477507374097044,0.16875279960373116,0.03969135599018925,0.046030063908926167,0.014667162072743864,0.0348512788009081,0.8571428571428541
0 days 02:22:00,0.028439595042769827,0.16864043122208217,0.039674348606188126,0.04602926191093637,0.013480030203558983,0.034862732651147255,0.8214285714285694
0 days 02:23:00,0.02839112557206258,0.16849666338554772,0.03968148007021588,0.046020177839738,0.014579872714278682,0.03488479770944397,0.8392857142857153
0 days 02:24:00,0.028326159239037585,0.16830377072138814,0.03946574464704922,0.04578784942766401,0.01439104709722713,0.034659296251727145,0.8571428571428541
0 days 02:25:00,0.028290655329009207,0.16819826196786103,0.03965469096488716,0.045990207844724296,0.014689622201982206,0.034886498238681396,0.8392857142857153
0 days 02:26:00,0.02877874430228422,0.16964299072547684,0.04229001403832733,0.04942186532451709,0.015078367740181835,0.037950399152748115,0.8214285714285694
0 days 02:27:00,0.02873207950217327,0.16950539667566125,0.04245843334614019,0.04958375902214662,0.01522739722392547,0.03814172301497587,0.8035714285714306
0 days 02:28:00,0.028674430356814273,0.1693352602289738,0.04264537167962734,0.04977130999843116,0.015714506196720594,0.038363878040626354,0.8214285714285694
0 days 02:29:00,0.02864255903736046,0.16924112690879975,0.04250151786753076,0.04962755348984649,0.015375676803447057,0.03822969879378402,0.8035714285714306
0 days 02:30:00,0.02862033753299187,0.16917546374398348,0.04291436496342804,0.050079334661405905,0.014916337122084004,0.038693656325142545,0.7857142857142847
0 days 02:31:00,0.028532873615501497,0.1689167653476158,0.042504854009441484,0.049597601509459466,0.013900403691349494,0.0382414368190771,0.8035714285714306
0 days 02:32:00,0.02848531135003718,0.1687759205278916,0.042471240873428684,0.04954035789269717,0.015019549748152429,0.03820637613343436,0.7857142857142847
0 days 02:33:00,0.028483881813448964,0.16877168546130292,0.04315972392819667,0.05032256034430338,0.014135498761755919,0.03899772917543709,0.7678571428571459
0 days 02:34:00,0.02841587058731898,0.16857007619182884,0.042829720122654624,0.049956128835940916,0.016719940387730302,0.03864424090618446,0.8035714285714306
0 days 02:35:00,0.001172734980364673,0.03424521835767255,0.0210185415942421,0.024079318832206598,0.015040825765557373,0.023831179176815986,0.836363636363636
0 days 02:36:00,0.0011861759159333685,0.03444090469098291,0.02126058666445929,0.024363187595136893,0.013946719569187478,0.02410939652309052,0.8181818181818201
0 days 02:37:00,0.0006839087592654947,0.026151649264730795,0.01822495657753953,0.020514644677661176,0.014328950003908103,0.020631006623226256,0.8545454545454518
0 days 02:38:00,0.0007329174430880242,0.0270724480438697,0.019120586304215648,0.02148071644535987,0.014276874270420044,0.02163314544527095,0.7818181818181813
0 days 02:39:00,0.0007126049289232494,0.02669466105653431,0.018719892928075854,0.021067035478073537,0.014837190377444472,0.021189225656625066,0.836363636363636
0 days 02:40:00,0.0007109510984162765,0.026663666259842747,0.01876976976813194,0.02110154726072233,0.0149759591611576,0.021235517119654768,0.8545454545454518
0 days 02:41:00,0.000714132130788192,0.02672325075263472,0.018850139070726524,0.021198714099871507,0.0167504455842355,0.02132704785071904,0.8545454545454518
0 days 02:42:00,0.000689797962607222,0.026264005075525364,0.018239201515137027,0.02051374929000427,0.016576418656545074,0.02064042078043582,0.836363636363636
0 days 02:43:00,0.0007123742809431802,0.026690340592491136,0.01861468128465993,0.02092920287588118,0.01522571593169878,0.021059070132219748,0.8545454545454518
0 days 02:44:00,0.02759651790098161,0.1661219970412757,0.04046324261562351,0.046910541729008326,0.016961004747863107,0.03604734459822412,0.8214285714285694
0 days 02:45:00,0.02754807699142736,0.16597613380069848,0.040219199885017876,0.04665174818088813,0.01571306201767593,0.03578600753172845,0.8392857142857153
0 days 02:46:00,0.027521749055241296,0.16589680242621102,0.04013247830608835,0.04654865780319373,0.015666561688007313,0.03570126182674538,0.8214285714285694
0 days 02:47:00,0.02748478927044773,0.16578537109904398,0.03992358052976641,0.04633888485356774,0.01637536761339112,0.03548714988077406,0.8392857142857153
0 days 02:48:00,0.0274569387354342,0.16570135405431724,0.04010144780428071,0.046527385895241746,0.017202164705818316,0.03569633823254614,0.8392857142857153
0 days 02:49:00,0.02743223847495102,0.16562680482020722,0.04029063120421439,0.046748756206298925,0.01596426143959084,0.035924428158494726,0.8392857142857153
0 days 02:50:00,0.02751149743753012,0.1658659019736429,0.039999272414827036,0.04650676253650676,0.014720766396773239,0.035589800002164385,0.8392857142857153
0 days 02:51:00,0.02743254688001584,0.16562773584160306,0.040388380363428844,0.04687257537694034,0.014664537177518627,0.0360391838401346,0.8035714285714306
0 days 02:52:00,0.027350782263454443,0.1653807191405771,0.04061380777298629,0.047088463505547296,0.015460406285047416,0.0362991494580871,0.7857142857142847
0 days 02:53:00,0.027391201949086508,0.16550287595412505,0.040543125818014225,0.04706112833806664,0.015539941111069207,0.03622699576714017,0.8035714285714306
0 days 02:54:00,0.027346445519285334,0.16536760722488952,0.040745417038376086,0.047257506255381276,0.015626331853108712,0.03645843162913209,0.8035714285714306
0 days 02:55:00,0.027280557107310477,0.16516826906918433,0.04124753766876621,0.04772751071030834,0.017419021163785707,0.037015736125504795,0.7678571428571459
0 days 02:56:00,0.027279422486223837,0.16516483429054696,0.04184988660152067,0.048333689347125564,0.015218590257112537,0.03767085280544347,0.8035714285714306
0 days 02:57:00,0.027187337638386655,0.1648858321335907,0.04168637178864243,0.04816091085829033,0.015899055501977306,0.037521755848785254,0.7857142857142847
0 days 02:58:00,0.02709019275518676,0.1645909862513338,0.04118386844109123,0.04761579093923052,0.016407068872524275,0.03699671597473442,0.8035714285714306
0 days 02:59:00,0.02701635991789475,0.16436654135770684,0.04067006628897696,0.047032033025630415,0.017383023431517812,0.03644312294823182,0.8392857142857153
0 days 03:00:00,0.02713400970890767,0.16472404107751748,0.04099359843551342,0.04748640097398482,0.017218105568984864,0.03680408419992709,0.8214285714285694
0 days 03:01:00,0.027001109259892075,0.16432014258724362,0.0408528342475889,0.04727248620821811,0.01650879776724823,0.03667013142974174,0.8392857142857153
0 days 03:02:00,0.026940495319543123,0.1641356004026644,0.041023816947071357,0.0474349189617822,0.01654727230638512,0.036876287142860065,0.8392857142857153
0 days 03:03:00,0.026874204020806314,0.1639335353757928,0.041161791871147546,0.04755151685301673,0.016574804787887067,0.037045612373484804,0.8392857142857153
0 days 03:04:00,0.026868195526868588,0.16391520834525572,0.04087472647673529,0.047238623200057006,0.017482537875320815,0.03672569432790951,0.8214285714285694
0 days 03:05:00,0.02686327161426938,0.16390018796288605,0.04096953232865408,0.04735761904701086,0.01810202927947729,0.03683954145190649,0.8392857142857153
0 days 03:06:00,0.026910114205203284,0.16404302546954955,0.04108195981096818,0.04754123794866505,0.017883628222222385,0.036966983060731984,0.8392857142857153
0 days 03:07:00,0.02692762942472715,0.16409640283908467,0.04108576839312228,0.04756206012589015,0.01732267005984141,0.036981618630836266,0.8214285714285694
0 days 03:08:00,0.026826582657921705,0.16378822502830204,0.041130885518962046,0.04753452124135071,0.018121493068978527,0.0370517056533779,0.8392857142857153
0 days 03:09:00,0.026817830820239585,0.16376150591710978,0.04134713689545455,0.0477792341098735,0.017848462114752182,0.03730260546687125,0.8392857142857153
0 days 03:10:00,0.026802642206095184,0.16371512515981895,0.04103457520045595,0.04743464925502261,0.018037954831001415,0.03695867891392002,0.8392857142857153
0 days 03:11:00,0.026658158452126823,0.163273263126964,0.04122519285390025,0.04757493219329678,0.01672647561576153,0.03717954080635355,0.8214285714285694
0 days 03:12:00,0.026807815687259096,0.16373092465157307,0.04148640890570432,0.047982345961036454,0.017387074811705563,0.037478550885280626,0.8214285714285694
0 days 03:13:00,0.02686906190241256,0.1639178510791688,0.041296258187192514,0.047842392288933056,0.01772760550669241,0.037265925688546364,0.8392857142857153
0 days 03:14:00,0.02677386420525374,0.1636272110782731,0.04151019207869888,0.04802257618721839,0.018386536486702732,0.03751663882864209,0.8392857142857153
0 days 03:15:00,0.026770227432409532,0.16361609771782706,0.041638728906652656,0.04815353028403724,0.017724679825348248,0.0376609717803813,0.8035714285714306
0 days 03:16:00,0.026626000612387957,0.16317475482557942,0.04143614516047567,0.04785803088912077,0.01902005985339296,0.03744768019496991,0.8392857142857153
0 days 03:17:00,0.02660614124525318,0.16311389041174015,0.04167216055639411,0.04811805926710244,0.01819163513428155,0.03771662371647899,0.8392857142857153
0 days 03:18:00,0.026637080111619582,0.1632087010904124,0.041561585395583744,0.04802619707550404,0.01853793973550614,0.03760171978351101,0.8571428571428541
0 days 03:19:00,0.026671825614088318,0.16331511140763527,0.04151695074185335,0.048036693163719946,0.017849681735761035,0.03755937828071998,0.8392857142857153
0 days 03:20:00,0.026598966719309614,0.1630918965470376,0.04166966729901178,0.04815351726360495,0.018617687331300134,0.03773517585890751,0.8214285714285694
0 days 03:21:00,0.026636976743831475,0.16320838441646152,0.04222833546600713,0.048784866485622747,0.019346663848124696,0.038360903145917113,0.8214285714285694
0 days 03:22:00,0.02662980608099841,0.16318641512392631,0.04190266063625003,0.04844392370771722,0.017672143560033073,0.03800497971065386,0.8392857142857153
0 days 03:23:00,0.026652668090542564,0.16325644884825397,0.0418303227245822,0.048374649020042515,0.016750172049914875,0.03792521433238738,0.8214285714285694
0 days 03:24:00,0.02666341659958249,0.16328936462483554,0.04166369145868121,0.04822984992084223,0.019815510416000576,0.037740707565519394,0.8035714285714306
0 days 03:25:00,0.026671373158748235,0.1633137261798537,0.04191316276845036,0.04849109797033435,0.018638205035526104,0.038003454700060946,0.8571428571428541
0 days 03:26:00,0.026699872384106982,0.16340095588492431,0.0419651249550439,0.04857713350605408,0.017298744976935673,0.03807173099996053,0.8392857142857153
0 days 03:27:00,0.02668747429619267,0.16336301385623575,0.04220749087739284,0.048836949330524515,0.01815668708603367,0.03834045696744237,0.8214285714285694
0 days 03:28:00,0.026856836303392972,0.16388055498866536,0.042068560765193386,0.04882038470696681,0.018048703014606877,0.03817433342964405,0.8214285714285694
0 days 03:29:00,0.026854029222178832,0.1638719903527715,0.04212137997415333,0.04887572792059425,0.01889170445315647,0.038246101603867544,0.8214285714285694
0 days 03:30:00,0.026738843921869204,0.16352016365534008,0.04217982512181795,0.04886309388929666,0.01817299599217507,0.038316988518398265,0.8214285714285694
0 days 03:31:00,0.026730693713246767,0.16349524064402232,0.04220739325959855,0.04887521431363373,0.01966585272770477,0.03834903337500206,0.8035714285714306
0 days 03:32:00,0.026631127585928116,0.16319046413907926,0.042277074354391875,0.048872721958662435,0.02045400177099679,0.03842740746976503,0.8214285714285694
0 days 03:33:00,0.026524499607553986,0.1628634385230583,0.0420856736106221,0.04861031088429302,0.020365867827283314,0.038227516930122274,0.8035714285714306
0 days 03:34:00,0.02663301044695965,0.16319623294353228,0.042727571672283915,0.049363888527749644,0.018888041264309728,0.03893755090305939,0.7857142857142847
0 days 03:35:00,0.026584009553470622,0.16304603507436366,0.0429101145108115,0.04953712138126232,0.01913746789356122,0.039144914871688474,0.7857142857142847
0 days 03:36:00,0.026583470116849472,0.16304438081960834,0.043140879701093926,0.049791409890455274,0.019029442904794344,0.03940717677722683,0.7857142857142847
0 days 03:37:00,0.026469701629095788,0.16269511863942257,0.0430941913492342,0.049660322942107094,0.019705117467418508,0.03936278032530938,0.8035714285714306
0 days 03:38:00,0.026531101714624805,0.16288370610538308,0.042880883205082654,0.049490155914341916,0.020451047779080425,0.039134387587193675,0.7678571428571459
0 days 03:39:00,0.02645066352490466,0.16263659958602386,0.04302982781386522,0.0496069106883934,0.01985851449534498,0.039308073968594925,0.7857142857142847
0 days 03:40:00,0.026464801500726498,0.16268005870642688,0.043335464733953,0.049973094578903865,0.02065835868508049,0.03965867351454566,0.7857142857142847
0 days 03:41:00,0.026397894685110668,0.1624742893048333,0.04286209443240274,0.049430326821332304,0.020003092524002286,0.039145002203558654,0.8035714285714306
0 days 03:42:00,0.026358307229225497,0.16235241676435094,0.04288106793903479,0.04944799799704569,0.02063832076611523,0.039190941438774995,0.8571428571428541
0 days 03:43:00,0.02640175515257548,0.16248616911163694,0.042726566078774564,0.04933507313998131,0.02016619325564864,0.03900907842711776,0.8214285714285694
0 days 03:44:00,0.026347326362500922,0.1623185952455877,0.043107896789336575,0.0497005435935316,0.019469897724889787,0.03944610422710637,0.7857142857142847
0 days 03:45:00,0.026498673014399676,0.16278413010609996,0.04336426584807107,0.05008788919870133,0.019928572697942654,0.039718646946355296,0.8214285714285694
0 days 03:46:00,0.02644175196342502,0.1626092001192584,0.04409141835098218,0.050739627822164124,0.019785852308901467,0.040505087153403174,0.8392857142857153
0 days 03:47:00,0.02635301756093411,0.1623361252492313,0.043191246604245226,0.04979283186229333,0.020337907365503637,0.03954180564083165,0.8214285714285694
0 days 03:48:00,0.02641757104871645,0.16253483026328988,0.043227546156034524,0.0498828209005886,0.02039548953492384,0.03958474817035729,0.8214285714285694
0 days 03:49:00,0.02635182139727643,0.16233244098847413,0.04324222731246996,0.04981619848391894,0.01955501931416922,0.039605386401348586,0.8035714285714306
0 days 03:50:00,0.026420223230777307,0.1625429888699519,0.043139462587096666,0.049762528599103906,0.019418742835462563,0.03948938952899761,0.8392857142857153
0 days 03:51:00,0.026367961430744602,0.16238214628075526,0.04274188284829661,0.049296717508871435,0.01862163946998694,0.039055933091888484,0.8214285714285694
0 days 03:52:00,0.026411519919873783,0.16251621432913635,0.04316443496633893,0.049804648015826736,0.01957317852805332,0.039521862982863976,0.8035714285714306
0 days 03:53:00,0.02645494813236904,0.16264977138738634,0.04368173570347755,0.050433108001537885,0.020932695516284665,0.04010609728492742,0.7857142857142847
0 days 03:54:00,0.026287219053957367,0.16213333726892,0.043654525809540434,0.05029406988693452,0.020907318457856094,0.04008532346018567,0.8392857142857153
0 days 03:55:00,0.026276250473831864,0.16209950793827804,0.04353898977889559,0.05014123830743422,0.020313798532926385,0.039960215397531584,0.8035714285714306
0 days 03:56:00,0.0261907018271772,0.16183541586184774,0.043523272330359575,0.05007161942534699,0.020660607021832894,0.03995261752542678,0.8035714285714306
0 days 03:57:00,0.02633409469189374,0.16227783179440666,0.043629831155244325,0.050304412452991,0.02106872795302716,0.04005860204303646,0.8035714285714306
0 days 03:58:00,0.026203964404486246,0.16187638618552813,0.043445869757431144,0.050015563678265984,0.021879649377784173,0.03986912647792007,0.8214285714285694
0 days 03:59:00,0.02631842185453781,0.16222953447056984,0.04358371510575365,0.05026297051170259,0.022133382006102105,0.040029412576708445,0.8214285714285694
0 days 04:00:00,0.02623279751199048,0.16196542072921147,0.043698796466621115,0.050329435729848715,0.022365687844195202,0.04016100367927189,0.8214285714285694
0 days 04:01:00,0.026284781922014,0.16212582126858757,0.04385625499852219,0.05054896019616262,0.021653332522721187,0.04033777592210708,0.8035714285714306
0 days 04:02:00,0.02629116718879887,0.16214551239179847,0.04394481482636525,0.05064457072968809,0.021439576136408917,0.040438980863830576,0.8392857142857153
0 days 04:03:00,0.026270242283706446,0.16208097446556288,0.043867727891630626,0.05057051032191939,0.020624663558765632,0.040356439957106804,0.8392857142857153
0 days 04:04:00,0.026246510539461587,0.1620077483932839,0.044043268144138725,0.05072106755483574,0.02120318820802072,0.04054126431985727,0.8214285714285694
0 days 04:05:00,0.026192567172623082,0.1618411788532915,0.043970400204167426,0.05061899017010152,0.02189767333095098,0.04046534634575494,0.8571428571428541
0 days 04:06:00,0.02627532767214502,0.16209666150832663,0.04416753504293913,0.05091007512861356,0.02255232676626301,0.04068969276588952,0.8214285714285694
0 days 04:07:00,0.026180125073079985,0.16180273506056683,0.04429711312068729,0.05097907679974645,0.02302617745090002,0.04084020873907113,0.8392857142857153
0 days 04:08:00,0.026281392737031117,0.16211536860221215,0.04455081371136105,0.051323944066215876,0.02426671856756063,0.041114448399482306,0.8392857142857153
0 days 04:09:00,0.0262427178179081,0.16199604259952805,0.04428624822153404,0.05101355927580453,0.022184018514425224,0.04082716146376075,0.8214285714285694
0 days 04:10:00,0.026244435236291386,0.16200134331631755,0.04444799558451651,0.051187067688805765,0.0236085529581279,0.04100956666999833,0.8392857142857153
0 days 04:11:00,0.026184653697845395,0.1618167287329879,0.04461565543329815,0.05133081560421404,0.024005555034454576,0.04120151506077452,0.8392857142857153
0 days 04:12:00,0.02646800226397783,0.16268989601071676,0.04475510261788784,0.051698651437995125,0.023125869104837292,0.0413560047004875,0.8392857142857153
0 days 04:13:00,0.026441327505268397,0.16260789496598374,0.044089846568533986,0.05097610892603388,0.022548343269690817,0.04062816624696808,0.8392857142857153
0 days 04:14:00,0.02625151337423426,0.1620231877671658,0.044599709529244524,0.05137469481809287,0.02217339163902672,0.04120317136550877,0.8392857142857153
0 days 04:15:00,0.02624946730009503,0.1620168735042589,0.04462177721735339,0.051404439964158666,0.02270451003222495,0.04123252169901326,0.8571428571428541
0 days 04:16:00,0.026271504661594003,0.1620848687003016,0.04475682560305305,0.051563382517063605,0.022649006398854542,0.04138295672232273,0.8571428571428541
0 days 04:17:00,0.026281213767785916,0.16211481662015326,0.04518517096734609,0.051975930934265335,0.022453539193379037,0.04184534618587943,0.8392857142857153
0 days 04:18:00,0.026255666296966407,0.16203600308871607,0.04519214097467472,0.051972013796581784,0.02283211783420242,0.04185230632031489,0.8035714285714306
0 days 04:19:00,0.02625798073606056,0.16204314467468398,0.04529282359121778,0.052078463432922106,0.02446068802129895,0.041968766167245874,0.8392857142857153
0 days 04:20:00,0.026388421047144783,0.16244513242059544,0.04533427763838871,0.052237369198967265,0.02428581125850071,0.04201523151004061,0.8392857142857153
0 days 04:21:00,0.026176943598392288,0.1617929034240757,0.045230183515294176,0.051957524392189036,0.023016962256531565,0.04192070748339294,0.8392857142857153
0 days 04:22:00,0.026144110708836932,0.16169140579770136,0.045481422491274515,0.05221396761601227,0.023646664187823605,0.04220469752260936,0.8392857142857153
0 days 04:23:00,0.02608280190511869,0.16150170867553906,0.04495115807559413,0.05160334322456528,0.022692090824762687,0.04161903481457552,0.8571428571428541
0 days 04:24:00,0.026076285782246966,0.16148153387383637,0.044995525796904356,0.05166461478402207,0.02271076202374131,0.04167756885455942,0.8214285714285694
0 days 04:25:00,0.026066087643892955,0.1614499539916099,0.04501982224791101,0.0516930165117544,0.022327717393063787,0.04171351722403971,0.8392857142857153
0 days 04:26:00,0.02619458849061229,0.16184742349080597,0.04509952196205447,0.051871282409018615,0.021452525746561864,0.041795769580459385,0.8392857142857153
0 days 04:27:00,0.026185679024866237,0.16181989687571252,0.0449554247947912,0.051729007237128144,0.02208789678010907,0.04164051041390948,0.8392857142857153
0 days 04:28:00,0.026140172748905677,0.16167922794504455,0.04516927022736583,0.05190192135970895,0.022854766460845305,0.041877125694303796,0.8214285714285694
0 days 04:29:00,0.026090145772596385,0.16152444326663498,0.04540198415254704,0.052107573447355726,0.02307494641086178,0.04213564325236696,0.8214285714285694
0 days 04:30:00,0.026109032973600454,0.16158289814705162,0.04566540148624343,0.05239709375642976,0.02357323243514884,0.04243388416810001,0.8392857142857153
0 days 04:31:00,0.02613317339091248,0.1616575806787683,0.045516216435118384,0.05227825827247701,0.02326169491533981,0.042271143041293424,0.8392857142857153
0 days 04:32:00,0.026208984353446985,0.16189189094407103,0.046009331242792495,0.05286156144149867,0.02412573581827199,0.04281099323917692,0.8035714285714306
0 days 04:33:00,0.026162016976937874,0.1617467680571636,0.04609492739327248,0.052925264654768434,0.02269770854225919,0.04292739671963819,0.8392857142857153
0 days 04:34:00,0.026190226724022603,0.16183394799615625,0.0458585196449266,0.05269596823431133,0.023230464952912457,0.042652735456674584,0.7857142857142847
0 days 04:35:00,0.026195871580233288,0.161851387328726,0.04588922335545309,0.052735529589500896,0.02312600775034207,0.042689589434572905,0.8214285714285694
0 days 04:36:00,0.026298134988868904,0.16216699722467856,0.046394190888146,0.053372963315920785,0.0231418012060031,0.04325167464163071,0.8214285714285694
0 days 04:37:00,0.025765487270671183,0.16051631465577318,0.045917427121809684,0.05248145900076917,0.023114519923497993,0.04274510992195557,0.8214285714285694
0 days 04:38:00,0.02589522590638671,0.16091993632358517,0.0462761373789613,0.052955054473164065,0.023070918598568642,0.043145380137131095,0.7857142857142847
0 days 04:39:00,0.02580724806132073,0.16064634468708192,0.046052585100937016,0.05267685275082812,0.024128051277532703,0.042904863810637295,0.8214285714285694
0 days 04:40:00,0.025786973452550432,0.16058322905132538,0.045840667620970166,0.052439596263964106,0.02502532335497096,0.042672346708461095,0.8214285714285694
0 days 04:41:00,0.025832395527281893,0.16072459527801553,0.046313081539092416,0.052980175950805286,0.024099070819450404,0.04320193961390473,0.7857142857142847
0 days 04:42:00,0.02583472794618813,0.16073185106315466,0.04626393260873529,0.05294988863271399,0.024729973661799236,0.043158976826083606,0.8214285714285694
0 days 04:43:00,0.025822941126344423,0.1606951807813303,0.046329857459354695,0.05301150802965093,0.023848707514583147,0.04322266874014158,0.7857142857142847
0 days 04:44:00,0.025727761564969587,0.16039875799073255,0.04663847109949737,0.05327828017259639,0.024921449451355458,0.043574356004384196,0.8392857142857153
0 days 04:45:00,0.025669857417701225,0.1602181557055917,0.046356101520866666,0.052942656890590634,0.02446025150748441,0.043263429822373745,0.8214285714285694
0 days 04:46:00,0.025648375277581348,0.16015110139359437,0.046386290331594804,0.053004896874374374,0.025301950787009263,0.04330115127239642,0.8035714285714306
0 days 04:47:00,0.025694471654205575,0.16029495205465946,0.046643793925045696,0.053349494127094665,0.025059386833190096,0.04359781966652543,0.8035714285714306
0 days 04:48:00,0.02573371848012962,0.16041732599731745,0.04629031585748411,0.05298571230879201,0.025508517488040807,0.04319926435078525,0.8035714285714306
0 days 04:49:00,0.02562212224388416,0.1600691170834779,0.04652090503528816,0.05314166197226866,0.025718772748616857,0.04344631579586444,0.8035714285714306
0 days 04:50:00,0.025694320810508264,0.16029448153479353,0.04696030252432104,0.0536791041989626,0.02622407356094435,0.04395228146094432,0.7678571428571459
0 days 04:51:00,0.025689943228171197,0.16028082614015687,0.04721035001434837,0.05398149692181686,0.02514455048832462,0.044233014867460785,0.8035714285714306
0 days 04:52:00,0.025895011835611603,0.16091927117536795,0.04705379965049916,0.0539425009700043,0.025773096183003164,0.04405065703416389,0.8214285714285694
0 days 04:53:00,0.025785024794671374,0.16057716149774032,0.046987826483764206,0.0537868046684995,0.02602977224516137,0.04398358462495011,0.7857142857142847
0 days 04:54:00,0.025767738289345088,0.16052332630912272,0.04736887640905518,0.05419607617741384,0.027184769959142843,0.04441919003353245,0.7857142857142847
0 days 04:55:00,0.0257944758552493,0.16060658721001855,0.0474829031414532,0.05433706950304806,0.024270882786408196,0.044550029108935796,0.8214285714285694
0 days 04:56:00,0.025710088991365287,0.16034365903073713,0.04747755551085309,0.054300950939609294,0.025027131191444667,0.04454222789276008,0.7678571428571459
0 days 04:57:00,0.025664024458343038,0.16019995149294847,0.04773531588788371,0.054570271869945675,0.026218872253599607,0.04483928650247737,0.7678571428571459
0 days 04:58:00,0.025743790108032183,0.16044871488432738,0.04789886359529705,0.05475563117996218,0.026139991661446198,0.0450267860094824,0.8035714285714306
0 days 04:59:00,0.025734560387808525,0.1604199500929,0.0480535421597339,0.054926417822514395,0.02610673480871225,0.04519472169401295,0.7678571428571459
0 days 05:00:00,0.025706211064363993,0.1603315660260449,0.047714036834896056,0.05465659352838914,0.0258561616100086,0.044878152945412086,0.7857142857142847
0 days 05:01:00,0.025783205890411054,0.16057149775228186,0.04783778200555355,0.054851963127042325,0.025979148834788125,0.0450156089066458,0.7678571428571459
0 days 05:02:00,0.025752986282183254,0.16047737000020673,0.04783625215247689,0.0548567805901774,0.02454732972638253,0.04501185552903486,0.7857142857142847
0 days 05:03:00,0.02581066874333926,0.160656990956943,0.04778862953970764,0.054874855920507226,0.02622032945662099,0.04496764058950076,0.7678571428571459
0 days 05:04:00,0.025749265263520282,0.16046577598827821,0.047883841058520726,0.0549002762345574,0.02568694741427935,0.04507884560793629,0.7678571428571459
0 days 05:05:00,0.02567545197190868,0.16023561393120034,0.047960537286731775,0.05494749797622456,0.027148738390179027,0.04516865208909948,0.7857142857142847
0 days 05:06:00,0.025615493321271554,0.16004840930565836,0.04776112585422165,0.054706572806366704,0.027858425691362196,0.04495211083290851,0.8035714285714306
0 days 05:07:00,0.02561270814153671,0.16003970801503203,0.04808808969619305,0.055049202712191825,0.02651036163851818,0.04531675024105386,0.7678571428571459
0 days 05:08:00,0.02566165359452799,0.16019255162000506,0.04789486297071521,0.05489913252237244,0.025657090360409515,0.04510831891247635,0.7857142857142847
0 days 05:09:00,0.02563566689775376,0.16011142026024802,0.04762367392145039,0.05455992383398334,0.02545757465248108,0.04479099266075304,0.8035714285714306
0 days 05:10:00,0.025530349007999886,0.15978219239952832,0.047340699163136435,0.05421057112830585,0.025401599271964427,0.04450065322096952,0.8214285714285694
0 days 05:11:00,0.025497354765199765,0.15967891146046734,0.047542908761235125,0.05438855103338325,0.025104534510624967,0.044730308001437624,0.7857142857142847
0 days 05:12:00,0.02552110350755643,0.1597532582063866,0.04801556537337248,0.054939687464476084,0.02517693430042216,0.04526146555910371,0.7857142857142847
0 days 05:13:00,0.025627129308007257,0.1600847566384984,0.048191960449307736,0.05521858697049131,0.025892814061193026,0.045456939340564606,0.8035714285714306
0 days 05:14:00,0.02547462867871797,0.15960773376850498,0.04814369734444224,0.05506390355280644,0.02637867153091726,0.045413587521347054,0.7857142857142847
0 days 05:15:00,0.02546654590690345,0.15958241101983467,0.047956986657124556,0.054872550629543326,0.026537609546607166,0.04521743566467107,0.7857142857142847
0 days 05:16:00,0.025451351604349304,0.15953479747174065,0.04833976926220007,0.05527863797169141,0.02603398728363239,0.04564804949302781,0.8035714285714306
0 days 05:17:00,0.025416103027274595,0.1594242861902621,0.04830693561654886,0.0552696237128929,0.028210338241073926,0.04562056323951236,0.7857142857142847
0 days 05:18:00,0.025455052037649528,0.1595463946244149,0.04842155292457884,0.05539920676126053,0.027059871892745592,0.04573602291964729,0.8035714285714306
0 days 05:19:00,0.0255288105378082,0.15977737805399173,0.04886316522150391,0.055937681738679856,0.027466333654609987,0.04623343359017573,0.75
0 days 05:20:00,0.05244017913487076,0.22899820771104468,0.06954615877241244,0.08055828048819791,0.028175362838925664,0.059944634414768494,0.7894736842105274
0 days 05:21:00,0.052388315682192044,0.22888493983264177,0.06993952105048473,0.08097061893937241,0.02738974180543687,0.06039777572107452,0.7719298245614041
0 days 05:22:00,0.05226943903095371,0.22862510586318754,0.06993526153383467,0.08094836784398751,0.027900148136973744,0.06042480851925047,0.7719298245614041
0 days 05:23:00,0.052136054196099124,0.2283332087018862,0.0696901571729005,0.08060487641071035,0.0276058209560492,0.060170587570483214,0.7894736842105274
0 days 05:24:00,0.05219146585718537,0.22845451594832913,0.07003312813124785,0.08106349377725053,0.028199854475926284,0.060562088846490614,0.8070175438596507
0 days 05:25:00,0.05202913142734422,0.22809895095625543,0.06966556988676809,0.08057089821360197,0.027063923159235417,0.06016867376115487,0.7719298245614041
0 days 05:26:00,0.052485535281887596,0.22909721797064145,0.07246156911790802,0.08419756388556277,0.02683723610134228,0.06341603817611619,0.7543859649122808
0 days 05:27:00,0.052411240787436864,0.2289350143325325,0.07246751275469787,0.08420447568881251,0.02811291983957746,0.06343484769131802,0.7543859649122808
0 days 05:28:00,0.05236964356691942,0.22884414689241983,0.07259268112420969,0.08432314801409824,0.02758881232464652,0.06359325562990792,0.7719298245614041
0 days 05:29:00,0.05226106797797758,0.22860679775102397,0.07252407303427066,0.08420586842425326,0.02880195077053299,0.06354177558988416,0.7543859649122808
0 days 05:30:00,0.05216224464434971,0.228390552878944,0.07288564237778683,0.08460791953225577,0.030620368085997184,0.06396178533947605,0.7719298245614041
0 days 05:31:00,0.052186648136943514,0.22844397154870058,0.0725925462543211,0.08431533233816779,0.029340636942233843,0.06363505139326397,0.7719298245614041
0 days 05:32:00,0.05209291390090254,0.22823872130053335,0.07240528416238057,0.08408336416055295,0.02974547604311729,0.06344147811379663,0.7894736842105274
0 days 05:33:00,0.05213319334447508,0.228326943973932,0.07279732709559372,0.08455315942217911,0.030193331172682216,0.06389670819958537,0.7543859649122808
0 days 05:34:00,0.05221261906725694,0.22850080758556837,0.07280582373432498,0.08466269263356985,0.029188124905644354,0.0639207869756575,0.7719298245614041
0 days 05:35:00,0.02572705385726759,0.16039655188708887,0.051987501969430916,0.05985293950943449,0.02820195630185375,0.0499139519331,0.8035714285714306
0 days 05:36:00,0.02579335343650757,0.16060309286096444,0.05243046712173438,0.06038881060660328,0.029995429078058536,0.050416060067491664,0.7857142857142847
0 days 05:37:00,0.025175155927504633,0.15866680789473467,0.0494638300642416,0.05655638946455133,0.026189436581626348,0.047024860240172384,0.7678571428571459
0 days 05:38:00,0.025113021111107248,0.1584708841115845,0.05021277062263252,0.057278763211286776,0.02653171399671323,0.04786278439850866,0.7857142857142847
0 days 05:39:00,0.02525256055673819,0.15891054262300594,0.04983399782002618,0.05703077978449933,0.028548289725320603,0.047456748472342714,0.8035714285714306
0 days 05:40:00,0.025214390968525402,0.15879039948474657,0.05015406608862216,0.0573370479712807,0.02776577937373863,0.047805943005133855,0.8035714285714306
0 days 05:41:00,0.025199744337984775,0.15874427340217592,0.050226067756927506,0.05741887898271614,0.028412032588952005,0.04788588945269989,0.7857142857142847
0 days 05:42:00,0.02501165235975855,0.15815072671271085,0.04986183296953017,0.05697253248496281,0.026851718856625864,0.04749238905022324,0.8214285714285694
0 days 05:43:00,0.025014875286756277,0.1581609158001947,0.050017135286267944,0.05715508506184541,0.027636877807305796,0.04767125968678787,0.8214285714285694
0 days 05:44:00,0.050999985657489866,0.2258317640578709,0.07083501472422071,0.08194406227476048,0.028574975693056483,0.061829164561408856,0.824561403508774
0 days 05:45:00,0.050978767741868936,0.22578478190938586,0.07074568375158607,0.0818871609794618,0.029469256801935118,0.0617474716002433,0.8070175438596507
0 days 05:46:00,0.05090889984044322,0.22563000651607318,0.07065367620214635,0.08176047419367016,0.030149374734114574,0.06165564999270545,0.824561403508774
0 days 05:47:00,0.050842852170687625,0.22548359623415543,0.070374006284462,0.08148099214733495,0.02980591041044092,0.06137598718066739,0.8421052631578974
0 days 05:48:00,0.05078511803508112,0.22535553695234808,0.07060089607023912,0.08170376784045441,0.029881862289780247,0.06163910309272547,0.824561403508774
0 days 05:49:00,0.05073698733498988,0.2252487232704991,0.07053639253193467,0.08163092162940888,0.029695962167526086,0.06158760784380046,0.7894736842105274
0 days 05:50:00,0.05086450594833547,0.22553160742639927,0.07046184800858502,0.08168967014488704,0.030977179558570957,0.06150555261955448,0.7894736842105274
0 days 05:51:00,0.0506636079593763,0.2250857791140442,0.07089290949194327,0.0820264012036045,0.029732463997497856,0.062010890738191105,0.7894736842105274
0 days 05:52:00,0.05065947620089206,0.22507660074048583,0.07096251829144151,0.08214809239966492,0.03011490674447054,0.062096565153974215,0.824561403508774
0 days 05:53:00,0.0506241068885811,0.22499801529920457,0.07105991641594578,0.08224968896911822,0.030081669765799773,0.06221820678135703,0.7894736842105274
0 days 05:54:00,0.05057262386372541,0.22488357846611523,0.07123723204463106,0.08244146510397865,0.031713343692350335,0.06243698143238241,0.8070175438596507
0 days 05:55:00,0.05055149794456115,0.2248366027686799,0.07262297777015014,0.08389847699963493,0.031954473441532044,0.06398159681398541,0.7894736842105274
0 days 05:56:00,0.050509586339418266,0.22474337885557,0.07310186595270274,0.08434484703161704,0.03235671875395084,0.06450638516156992,0.7719298245614041
0 days 05:57:00,0.050379913115681685,0.22445470170099285,0.07275058220325104,0.08395810775641799,0.03272945391019368,0.0641579188640864,0.7719298245614041
0 days 05:58:00,0.05019811643997096,0.22404936161473651,0.07144914586327555,0.08254626176305102,0.03200151863727677,0.06275272372100815,0.7894736842105274
0 days 05:59:00,0.0500351333186595,0.22368534444316976,0.07132058948084508,0.08233430311758827,0.03158302169185725,0.06262624164506603,0.824561403508774
0 days 06:00:00,0.05023309854629199,0.2241274158738551,0.07152940456693635,0.08274053219673139,0.03181742427566442,0.0628641441115434,0.8070175438596507
